'2010-1-1',0.0198,0.0
'2010-1-2',0.0194,0.0
'2010-1-3',0.019,0.0
'2010-1-4',0.0186,0.0
'2010-1-5',0.0183,0.0
'2010-1-6',0.0179,0.0
'2010-1-7',0.0176,0.0
'2010-1-8',0.0172,0.0
'2010-1-9',0.0169,0.0
'2010-1-10',0.0165,0.0
'2010-1-11',0.0162,0.0
'2010-1-12',0.0159,0.0
'2010-1-13',0.0156,0.0
'2010-1-14',0.0153,0.0
'2010-1-15',0.015,0.0
'2010-1-16',0.0147,0.0
'2010-1-17',0.0144,0.0
'2010-1-18',0.0141,0.0
'2010-1-19',0.0138,0.0
'2010-1-20',2.1961,17.4647
'2010-1-21',0.0174,0.0
'2010-1-22',0.0143,0.0
'2010-1-23',0.0132,0.0
'2010-1-24',0.0126,0.0
'2010-1-25',0.0123,0.0
'2010-1-26',0.012,0.0
'2010-1-27',0.0118,0.0
'2010-1-28',0.0115,0.0
'2010-1-29',0.0113,0.0
'2010-1-30',0.0111,0.0
'2010-1-31',0.0109,0.0
'2010-2-1',0.0107,0.0
'2010-2-2',0.0104,0.0
'2010-2-3',0.0102,0.0
'2010-2-4',0.01,0.0
'2010-2-5',0.0098,0.0
'2010-2-6',0.0096,0.0
'2010-2-7',0.0094,0.0
'2010-2-8',0.0095,0.0
'2010-2-9',5.4987,0.7773
'2010-2-10',0.0193,0.0
'2010-2-11',0.0137,0.0
'2010-2-12',0.0105,0.0
'2010-2-13',0.0092,0.0
'2010-2-14',0.0085,0.0
'2010-2-15',0.0082,0.0
'2010-2-16',0.0079,0.0
'2010-2-17',0.0077,0.0
'2010-2-18',0.0076,0.0
'2010-2-19',0.0074,0.0
'2010-2-20',0.0073,0.0
'2010-2-21',0.0071,0.0
'2010-2-22',5.3907,0.1412
'2010-2-23',0.0158,0.0
'2010-2-24',8.2978,0.0134
'2010-2-25',1.272,0.0069
'2010-2-26',0.045,0.0
'2010-2-27',0.0313,0.0
'2010-2-28',0.0201,0.0
'2010-3-1',0.014,0.0
'2010-3-2',0.0101,0.0
'2010-3-3',0.0077,0.0
'2010-3-4',0.0066,0.0
'2010-3-5',0.021,0.0
'2010-3-6',0.017,0.0
'2010-3-7',0.0131,0.0
'2010-3-8',0.0099,0.0
'2010-3-9',0.0077,0.0
'2010-3-10',0.0064,0.0
'2010-3-11',0.0056,0.0
'2010-3-12',5.8845,0.0479
'2010-3-13',0.601,0.0
'2010-3-14',1.1116,0.0
'2010-3-15',4.8089,0.0082
'2010-3-16',2.4079,0.0
'2010-3-17',3.0026,0.0
'2010-3-18',3.4598,0.0
'2010-3-19',3.7525,0.0
'2010-3-20',4.3002,0.0011
'2010-3-21',4.1968,0.0
'2010-3-22',4.379,0.0
'2010-3-23',10.1962,0.0021
'2010-3-24',12.5153,0.0021
'2010-3-25',5.7167,0.0
'2010-3-26',6.2767,0.0
'2010-3-27',6.7016,0.0
'2010-3-28',6.9523,0.0
'2010-3-29',7.0516,0.0
'2010-3-30',20.6245,0.0168
'2010-3-31',9.4603,0.0037
'2010-4-1',8.0461,0.0
'2010-4-2',17.6042,0.0002
'2010-4-3',17.5838,0.0002
'2010-4-4',31.0816,0.0003
'2010-4-5',11.3062,0.0
'2010-4-6',12.029,0.0
'2010-4-7',12.4484,0.0
'2010-4-8',12.5958,0.0
'2010-4-9',12.557,0.0
'2010-4-10',12.411,0.0
'2010-4-11',12.2116,0.0
'2010-4-12',11.9896,0.0
'2010-4-13',11.7601,0.0
'2010-4-14',11.5303,0.0
'2010-4-15',11.3032,0.0
'2010-4-16',11.0798,0.0
'2010-4-17',10.8605,0.0
'2010-4-18',10.6455,0.0
'2010-4-19',10.4348,0.0
'2010-4-20',10.2281,0.0
'2010-4-21',10.0652,0.0001
'2010-4-22',13.7198,0.0123
'2010-4-23',9.6367,0.0
'2010-4-24',9.4421,0.0
'2010-4-25',9.2548,0.0
'2010-4-26',12.5279,0.0163
'2010-4-27',9.0391,0.0002
'2010-4-28',8.9768,0.0
'2010-4-29',8.9289,0.0
'2010-4-30',8.8466,0.0
'2010-5-1',8.7289,0.0
'2010-5-2',8.5865,0.0
'2010-5-3',8.431,0.0
'2010-5-4',8.2707,0.0
'2010-5-5',8.1096,0.0
'2010-5-6',7.9501,0.0
'2010-5-7',7.7931,0.0
'2010-5-8',7.6389,0.0
'2010-5-9',7.4877,0.0
'2010-5-10',7.3395,0.0
'2010-5-11',8.7234,2.444
'2010-5-12',7.053,0.0
'2010-5-13',6.9121,0.0
'2010-5-14',6.7752,0.0
'2010-5-15',6.641,0.0
'2010-5-16',6.5095,0.0
'2010-5-17',6.3807,0.0
'2010-5-18',13.2625,0.2506
'2010-5-19',6.1336,0.0
'2010-5-20',6.0091,0.0
'2010-5-21',5.8901,0.0
'2010-5-22',5.8376,0.0027
'2010-5-23',61.6934,0.5034
'2010-5-24',5.8601,0.0
'2010-5-25',6.3016,0.0049
'2010-5-26',6.5591,0.0002
'2010-5-27',6.6735,0.0
'2010-5-28',6.8362,0.0
'2010-5-29',6.8873,0.0
'2010-5-30',6.8543,0.0
'2010-5-31',6.7702,0.0
'2010-6-1',6.6599,0.0
'2010-6-2',6.5382,0.0
'2010-6-3',6.413,0.0
'2010-6-4',6.2875,0.0
'2010-6-5',6.1637,0.0
'2010-6-6',6.0418,0.0
'2010-6-7',5.9223,0.0
'2010-6-8',5.805,0.0
'2010-6-9',5.6901,0.0
'2010-6-10',5.5774,0.0
'2010-6-11',5.467,0.0
'2010-6-12',5.3587,0.0
'2010-6-13',5.2526,0.0
'2010-6-14',5.1486,0.0
'2010-6-15',5.0467,0.0
'2010-6-16',4.9467,0.0
'2010-6-17',4.8488,0.0
'2010-6-18',4.7528,0.0
'2010-6-19',4.6587,0.0
'2010-6-20',5.1018,1.9611
'2010-6-21',4.476,0.0
'2010-6-22',4.3874,0.0
'2010-6-23',4.3005,0.0
'2010-6-24',4.2153,0.0
'2010-6-25',4.1319,0.0
'2010-6-26',4.0519,0.0
'2010-6-27',4.1739,0.0599
'2010-6-28',3.8917,0.0
'2010-6-29',3.8142,0.0
'2010-6-30',3.7418,0.0
'2010-7-1',3.6646,0.0
'2010-7-2',4.2565,0.0029
'2010-7-3',7.626,0.011
'2010-7-4',3.4516,0.0
'2010-7-5',3.3829,0.0
'2010-7-6',3.3159,0.0
'2010-7-7',3.6264,0.0011
'2010-7-8',3.1871,0.0
'2010-7-9',20.9607,0.0595
'2010-7-10',3.068,0.0
'2010-7-11',12.7172,0.0382
'2010-7-12',3.0112,0.0
'2010-7-13',3.0385,0.0
'2010-7-14',3.0736,0.0
'2010-7-15',3.08,0.0
'2010-7-16',3.0588,0.0
'2010-7-17',8.9315,0.0197
'2010-7-18',2.9829,0.0
'2010-7-19',2.9363,0.0
'2010-7-20',2.8836,0.0
'2010-7-21',2.8277,0.0
'2010-7-22',2.7719,0.0
'2010-7-23',2.8308,0.0003
'2010-7-24',2.6636,0.0
'2010-7-25',2.6104,0.0
'2010-7-26',2.5587,0.0
'2010-7-27',2.5081,0.0
'2010-7-28',2.4584,0.0
'2010-7-29',2.4097,0.0
'2010-7-30',2.362,0.0
'2010-7-31',2.3152,0.0
'2010-8-1',2.2694,0.0
'2010-8-2',2.4108,0.0004
'2010-8-3',2.1822,0.0
'2010-8-4',2.1372,0.0
'2010-8-5',2.0949,0.0
'2010-8-6',2.0534,0.0
'2010-8-7',2.0898,0.0002
'2010-8-8',12.0236,0.028
'2010-8-9',1.941,0.0
'2010-8-10',5.6511,0.0095
'2010-8-11',5.0253,0.0054
'2010-8-12',2.5893,0.0
'2010-8-13',6.3439,0.0086
'2010-8-14',4.7737,0.002
'2010-8-15',11.1598,0.019
'2010-8-16',4.8971,0.0
'2010-8-17',5.3828,0.0
'2010-8-18',6.5772,0.002
'2010-8-19',5.9586,0.0
'2010-8-20',6.0734,0.0
'2010-8-21',6.102,0.0
'2010-8-22',6.0657,0.0
'2010-8-23',5.9889,0.0
'2010-8-24',19.0007,0.0657
'2010-8-25',37.8849,0.1595
'2010-8-26',42.118,0.1631
'2010-8-27',6.0295,0.0
'2010-8-28',6.252,0.0
'2010-8-29',7.3511,0.0021
'2010-8-30',6.6114,0.0
'2010-8-31',8.6963,0.0046
'2010-9-1',7.0268,0.0
'2010-9-2',21.3619,0.0493
'2010-9-3',7.7987,0.0
'2010-9-4',8.1385,0.0
'2010-9-5',16.3295,0.0237
'2010-9-6',23.1998,0.0444
'2010-9-7',9.598,0.0
'2010-9-8',10.1093,0.0
'2010-9-9',10.4504,0.0
'2010-9-10',22.0882,0.0375
'2010-9-11',56.2188,0.2207
'2010-9-12',89.9386,0.4401
'2010-9-13',15.2247,0.0044
'2010-9-14',13.1625,0.0
'2010-9-15',13.6473,0.0
'2010-9-16',13.878,0.0
'2010-9-17',13.8928,0.0
'2010-9-18',13.7664,0.0
'2010-9-19',16.9816,0.0092
'2010-9-20',13.6622,0.0001
'2010-9-21',64.6848,0.2733
'2010-9-22',16.4946,0.0041
'2010-9-23',14.3673,0.0
'2010-9-24',14.6096,0.0
'2010-9-25',14.6956,0.0
'2010-9-26',14.6285,0.0
'2010-9-27',14.4579,0.0
'2010-9-28',14.2285,0.0
'2010-9-29',13.9719,0.0
'2010-9-30',13.7055,0.0
'2010-10-1',13.4381,0.0
'2010-10-2',14.0884,0.0024
'2010-10-3',13.0883,0.0001
'2010-10-4',12.8364,0.0
'2010-10-5',12.7016,0.0
'2010-10-6',12.5464,0.0
'2010-10-7',12.3592,0.0
'2010-10-8',12.2144,0.0001
'2010-10-9',11.9256,0.0
'2010-10-10',11.6943,0.0
'2010-10-11',11.4657,0.0
'2010-10-12',11.2398,0.0
'2010-10-13',11.0177,0.0
'2010-10-14',10.7997,0.0
'2010-10-15',10.5859,0.0
'2010-10-16',10.3763,0.0
'2010-10-17',10.1708,0.0
'2010-10-18',9.9694,0.0
'2010-10-19',9.772,0.0
'2010-10-20',9.5785,0.0
'2010-10-21',10.2087,0.0022
'2010-10-22',9.2048,0.0
'2010-10-23',9.0207,0.0
'2010-10-24',8.8421,0.0
'2010-10-25',8.667,0.0
'2010-10-26',8.4954,0.0
'2010-10-27',8.3272,0.0
'2010-10-28',8.1623,0.0
'2010-10-29',8.0006,0.0
'2010-10-30',7.8422,0.0
'2010-10-31',7.6869,0.0
'2010-11-1',7.5347,0.0
'2010-11-2',7.3855,0.0
'2010-11-3',7.2393,0.0
'2010-11-4',7.0959,0.0
'2010-11-5',6.9554,0.0
'2010-11-6',6.8177,0.0
'2010-11-7',6.6827,0.0
'2010-11-8',6.5554,0.0
'2010-11-9',6.4207,0.0
'2010-11-10',6.2935,0.0
'2010-11-11',9.9309,0.0101
'2010-11-12',6.3322,0.0002
'2010-11-13',6.0387,0.0
'2010-11-14',5.9898,0.0
'2010-11-15',5.9248,0.0
'2010-11-16',5.84,0.0
'2010-11-17',5.7414,0.0
'2010-11-18',5.6357,0.0
'2010-11-19',5.5276,0.0
'2010-11-20',5.4196,0.0
'2010-11-21',5.3128,0.0
'2010-11-22',5.2078,0.0
'2010-11-23',5.1047,0.0
'2010-11-24',5.0037,0.0
'2010-11-25',4.9046,0.0
'2010-11-26',4.8075,0.0
'2010-11-27',4.7123,0.0
'2010-11-28',4.619,0.0
'2010-11-29',4.5275,0.0
'2010-11-30',4.4379,0.0
'2010-12-1',4.35,0.0
'2010-12-2',4.2639,0.0
'2010-12-3',4.1794,0.0
'2010-12-4',4.0967,0.0
'2010-12-5',4.0156,0.0
'2010-12-6',3.936,0.0
'2010-12-7',3.8581,0.0
'2010-12-8',3.7817,0.0
'2010-12-9',3.7068,0.0
'2010-12-10',3.6334,0.0
'2010-12-11',3.5615,0.0
'2010-12-12',3.491,0.0
'2010-12-13',3.4218,0.0
'2010-12-14',3.3541,0.0
'2010-12-15',3.2877,0.0
'2010-12-16',3.2226,0.0
'2010-12-17',3.1588,0.0
'2010-12-18',3.0962,0.0
'2010-12-19',3.0349,0.0
'2010-12-20',2.9748,0.0
'2010-12-21',2.9159,0.0
'2010-12-22',2.8582,0.0
'2010-12-23',2.8016,0.0
'2010-12-24',2.7461,0.0
'2010-12-25',2.6917,0.0
'2010-12-26',2.6384,0.0
'2010-12-27',2.5862,0.0
'2010-12-28',2.535,0.0
'2010-12-29',2.4848,0.0
'2010-12-30',2.4356,0.0
'2010-12-31',2.3873,0.0
'2011-1-1',2.3401,0.0
'2011-1-2',2.2937,0.0
'2011-1-3',2.2483,0.0
'2011-1-4',2.2038,0.0
'2011-1-5',2.1601,0.0
'2011-1-6',2.1174,0.0
'2011-1-7',2.0754,0.0
'2011-1-8',2.0344,0.0
'2011-1-9',1.9941,0.0
'2011-1-10',1.9546,0.0
'2011-1-11',1.9159,0.0
'2011-1-12',1.8779,0.0
'2011-1-13',1.8408,0.0
'2011-1-14',1.8043,0.0
'2011-1-15',1.7686,0.0
'2011-1-16',1.7336,0.0
'2011-1-17',1.6992,0.0
'2011-1-18',1.6656,0.0
'2011-1-19',1.6326,0.0
'2011-1-20',1.6003,0.0
'2011-1-21',1.5686,0.0
'2011-1-22',1.5375,0.0
'2011-1-23',1.5071,0.0
'2011-1-24',1.4772,0.0
'2011-1-25',1.448,0.0
'2011-1-26',1.4193,0.0
'2011-1-27',1.3912,0.0
'2011-1-28',1.3637,0.0
'2011-1-29',1.3367,0.0
'2011-1-30',1.3102,0.0
'2011-1-31',1.2843,0.0
'2011-2-1',1.2588,0.0
'2011-2-2',1.2339,0.0
'2011-2-3',1.2095,0.0
'2011-2-4',1.1855,0.0
'2011-2-5',1.162,0.0
'2011-2-6',1.139,0.0
'2011-2-7',1.1165,0.0
'2011-2-8',1.0944,0.0
'2011-2-9',1.0727,0.0
'2011-2-10',1.0515,0.0
'2011-2-11',1.0306,0.0
'2011-2-12',1.0102,0.0
'2011-2-13',0.9902,0.0
'2011-2-14',0.9706,0.0
'2011-2-15',0.9514,0.0
'2011-2-16',0.9326,0.0
'2011-2-17',0.9141,0.0
'2011-2-18',0.896,0.0
'2011-2-19',0.8783,0.0
'2011-2-20',0.8609,0.0
'2011-2-21',0.8438,0.0
'2011-2-22',0.8271,0.0
'2011-2-23',7.5087,67.6331
'2011-2-24',8.0045,0.5983
'2011-2-25',0.7838,0.0
'2011-2-26',0.7651,0.0
'2011-2-27',0.7489,0.0
'2011-2-28',0.7338,0.0
'2011-3-1',0.7192,0.0
'2011-3-2',0.7048,0.0
'2011-3-3',0.6909,0.0
'2011-3-4',0.6772,0.0
'2011-3-5',0.6638,0.0
'2011-3-6',0.6506,0.0
'2011-3-7',0.6377,0.0
'2011-3-8',0.6251,0.0
'2011-3-9',0.6127,0.0
'2011-3-10',0.6006,0.0
'2011-3-11',0.5887,0.0
'2011-3-12',9.7182,0.0915
'2011-3-13',26.9391,0.1081
'2011-3-14',1.568,0.0
'2011-3-15',2.1282,0.0
'2011-3-16',2.5954,0.0
'2011-3-17',2.9114,0.0
'2011-3-18',5.6879,0.0042
'2011-3-19',3.3513,0.0
'2011-3-20',7.5832,0.0127
'2011-3-21',3.8299,0.0
'2011-3-22',4.0503,0.0
'2011-3-23',4.2051,0.0
'2011-3-24',4.2741,0.0
'2011-3-25',4.2752,0.0
'2011-3-26',4.2337,0.0
'2011-3-27',4.1698,0.0
'2011-3-28',4.0957,0.0
'2011-3-29',4.018,0.0
'2011-3-30',3.9398,0.0
'2011-3-31',3.8623,0.0
'2011-4-1',3.786,0.0
'2011-4-2',3.7111,0.0
'2011-4-3',3.6377,0.0
'2011-4-4',3.5656,0.0
'2011-4-5',3.495,0.0
'2011-4-6',3.4258,0.0
'2011-4-7',3.3972,0.0001
'2011-4-8',3.2915,0.0
'2011-4-9',3.2263,0.0
'2011-4-10',3.1624,0.0
'2011-4-11',3.0998,0.0
'2011-4-12',3.0384,0.0
'2011-4-13',2.9783,0.0
'2011-4-14',2.9193,0.0
'2011-4-15',2.8615,0.0
'2011-4-16',2.8048,0.0
'2011-4-17',2.7493,0.0
'2011-4-18',7.5616,0.0143
'2011-4-19',3.5829,0.002
'2011-4-20',2.5931,0.0
'2011-4-21',2.5379,0.0
'2011-4-22',10.7955,0.0299
'2011-4-23',2.6079,0.0
'2011-4-24',2.6828,0.0
'2011-4-25',2.7386,0.0
'2011-4-26',4.2921,0.0055
'2011-4-27',4.4631,0.0033
'2011-4-28',3.2122,0.0001
'2011-4-29',3.4374,0.0
'2011-4-30',61.9717,0.2836
'2011-5-1',5.1625,0.0027
'2011-5-2',5.2422,0.0
'2011-5-3',5.7425,0.0
'2011-5-4',6.0266,0.0
'2011-5-5',6.1314,0.0
'2011-5-6',6.1222,0.0
'2011-5-7',6.055,0.0
'2011-5-8',5.954,0.0
'2011-5-9',10.1224,0.0124
'2011-5-10',19.6286,9.7594
'2011-5-11',43.0771,0.3495
'2011-5-12',8.2707,0.0278
'2011-5-13',7.5873,0.0
'2011-5-14',8.0102,0.0
'2011-5-15',8.2248,0.0
'2011-5-16',8.269,0.0
'2011-5-17',8.2072,0.0
'2011-5-18',8.0905,0.0
'2011-5-19',7.9494,0.0
'2011-5-20',7.8023,0.0
'2011-5-21',10.3092,0.0065
'2011-5-22',7.5018,0.0
'2011-5-23',7.3494,0.0
'2011-5-24',7.204,0.0
'2011-5-25',7.0614,0.0
'2011-5-26',6.9215,0.0
'2011-5-27',6.7845,0.0
'2011-5-28',6.6502,0.0
'2011-5-29',6.5185,0.0
'2011-5-30',6.3894,0.0
'2011-5-31',6.2648,0.0
'2011-6-1',14.5693,0.0256
'2011-6-2',6.0211,0.0
'2011-6-3',5.8982,0.0
'2011-6-4',5.7814,0.0
'2011-6-5',5.6669,0.0
'2011-6-6',5.5547,0.0
'2011-6-7',5.4447,0.0
'2011-6-8',5.3369,0.0
'2011-6-9',5.2312,0.0
'2011-6-10',5.1276,0.0
'2011-6-11',5.0261,0.0
'2011-6-12',4.9266,0.0
'2011-6-13',4.829,0.0
'2011-6-14',4.7334,0.0
'2011-6-15',4.6397,0.0
'2011-6-16',4.5478,0.0
'2011-6-17',4.4577,0.0
'2011-6-18',4.3695,0.0
'2011-6-19',4.2829,0.0
'2011-6-20',4.1981,0.0
'2011-6-21',4.115,0.0
'2011-6-22',4.0335,0.0
'2011-6-23',22.8777,13.3894
'2011-6-24',126.8497,1.6157
'2011-6-25',40.141,2.4258
'2011-6-26',69.326,0.7293
'2011-6-27',4.4672,0.0
'2011-6-28',4.9979,0.0
'2011-6-29',30.3216,0.0886
'2011-6-30',30.1596,0.0941
'2011-7-1',7.2685,0.0
'2011-7-2',7.8138,0.0
'2011-7-3',95.4276,0.4602
'2011-7-4',8.864,0.0
'2011-7-5',9.2781,0.0
'2011-7-6',9.5428,0.0
'2011-7-7',24.4426,0.0456
'2011-7-8',32.8466,0.079
'2011-7-9',41.4495,0.1316
'2011-7-10',18.7698,0.0189
'2011-7-11',19.0923,0.0181
'2011-7-12',24.9835,0.035
'2011-7-13',14.1766,0.0
'2011-7-14',41.9498,0.1559
'2011-7-15',16.4386,0.0022
'2011-7-16',15.9362,0.0005
'2011-7-17',16.4106,0.001
'2011-7-18',15.9967,0.0
'2011-7-19',25.7604,0.0274
'2011-7-20',16.5259,0.0
'2011-7-21',16.7783,0.0
'2011-7-22',16.8954,0.0
'2011-7-23',16.9145,0.0001
'2011-7-24',17.0845,0.0009
'2011-7-25',16.3758,0.0
'2011-7-26',25.995,0.0313
'2011-7-27',67.7597,0.2629
'2011-7-28',16.6458,0.0001
'2011-7-29',16.7338,0.0
'2011-7-30',17.949,0.0026
'2011-7-31',17.9707,0.0022
'2011-8-1',18.3239,0.003
'2011-8-2',22.2355,0.0132
'2011-8-3',36.0613,0.0826
'2011-8-4',33.0763,0.0542
'2011-8-5',18.0051,0.0
'2011-8-6',18.1655,0.0
'2011-8-7',18.1314,0.0
'2011-8-8',19.9591,0.0061
'2011-8-9',17.662,0.0
'2011-8-10',17.3413,0.0
'2011-8-11',17.0075,0.0
'2011-8-12',17.7353,0.003
'2011-8-13',16.3444,0.0
'2011-8-14',16.3124,0.0006
'2011-8-15',15.702,0.0
'2011-8-16',16.2352,0.0021
'2011-8-17',38.2498,0.0838
'2011-8-18',19.4232,0.006
'2011-8-19',15.5701,0.0
'2011-8-20',15.776,0.0
'2011-8-21',15.8475,0.0
'2011-8-22',15.7672,0.0
'2011-8-23',15.5781,0.0
'2011-8-24',15.3279,0.0
'2011-8-25',15.0518,0.0
'2011-8-26',14.762,0.0
'2011-8-27',14.4737,0.0
'2011-8-28',14.1886,0.0
'2011-8-29',13.9082,0.0
'2011-8-30',13.633,0.0
'2011-8-31',13.3631,0.0
'2011-9-1',13.0985,0.0
'2011-9-2',13.2121,0.0009
'2011-9-3',12.7827,0.0003
'2011-9-4',18.1215,0.0169
'2011-9-5',18.7671,0.02
'2011-9-6',12.4041,0.0
'2011-9-7',12.3881,0.0
'2011-9-8',12.2981,0.0
'2011-9-9',12.1422,0.0
'2011-9-10',18.4244,0.0182
'2011-9-11',55.3651,0.1965
'2011-9-12',25.5083,0.0341
'2011-9-13',13.1878,0.0
'2011-9-14',13.6894,0.0
'2011-9-15',13.9943,0.0
'2011-9-16',14.0801,0.0
'2011-9-17',14.0021,0.0
'2011-9-18',18.8272,0.015
'2011-9-19',15.5701,0.003
'2011-9-20',13.7623,0.0
'2011-9-21',13.7307,0.0
'2011-9-22',13.6497,0.0
'2011-9-23',13.5029,0.0
'2011-9-24',13.3047,0.0
'2011-9-25',13.0762,0.0
'2011-9-26',12.8333,0.0
'2011-9-27',12.5862,0.0
'2011-9-28',12.3398,0.0
'2011-9-29',24.6719,0.0443
'2011-9-30',11.9999,0.0
'2011-10-1',11.8829,0.0
'2011-10-2',11.7638,0.0
'2011-10-3',11.613,0.0
'2011-10-4',11.4317,0.0
'2011-10-5',11.2308,0.0
'2011-10-6',11.0206,0.0
'2011-10-7',10.8078,0.0
'2011-10-8',10.5959,0.0
'2011-10-9',10.387,0.0
'2011-10-10',10.1817,0.0
'2011-10-11',9.9802,0.0
'2011-10-12',9.7826,0.0
'2011-10-13',9.5889,0.0
'2011-10-14',9.4011,0.0
'2011-10-15',13.4774,0.0108
'2011-10-16',9.0343,0.0
'2011-10-17',8.8517,0.0
'2011-10-18',8.6764,0.0
'2011-10-19',8.5046,0.0
'2011-10-20',8.3362,0.0
'2011-10-21',8.1778,0.0
'2011-10-22',28.0017,0.0808
'2011-10-23',8.0921,0.0
'2011-10-24',8.1211,0.0
'2011-10-25',8.1312,0.0
'2011-10-26',8.0889,0.0
'2011-10-27',7.9987,0.0
'2011-10-28',7.8768,0.0
'2011-10-29',8.9871,0.0032
'2011-10-30',7.6958,0.0
'2011-10-31',7.647,0.0
'2011-11-1',7.5988,0.0
'2011-11-2',7.527,0.0
'2011-11-3',7.4274,0.0
'2011-11-4',7.3074,0.0
'2011-11-5',7.1948,0.0
'2011-11-6',19.1195,0.0422
'2011-11-7',7.2102,0.0
'2011-11-8',7.3683,0.0
'2011-11-9',8.3296,0.0013
'2011-11-10',7.8762,0.0
'2011-11-11',8.0822,0.0
'2011-11-12',8.1918,0.0
'2011-11-13',8.2001,0.0
'2011-11-14',8.1332,0.0
'2011-11-15',8.0203,0.0
'2011-11-16',7.8838,0.0
'2011-11-17',7.7375,0.0
'2011-11-18',7.5883,0.0
'2011-11-19',7.4396,0.0
'2011-11-20',7.2929,0.0
'2011-11-21',7.1487,0.0
'2011-11-22',7.0072,0.0
'2011-11-23',6.8685,0.0
'2011-11-24',6.7325,0.0
'2011-11-25',6.5992,0.0
'2011-11-26',6.4685,0.0
'2011-11-27',6.3404,0.0
'2011-11-28',6.2149,0.0
'2011-11-29',6.2583,0.0004
'2011-11-30',30.5583,0.0826
'2011-12-1',6.4886,0.0
'2011-12-2',6.9069,0.0
'2011-12-3',12.2481,0.015
'2011-12-4',8.0226,0.0
'2011-12-5',8.5113,0.0
'2011-12-6',8.8565,0.0
'2011-12-7',9.0373,0.0
'2011-12-8',9.079,0.0
'2011-12-9',9.0237,0.0
'2011-12-10',8.9099,0.0
'2011-12-11',8.7654,0.0
'2011-12-12',8.6065,0.0
'2011-12-13',8.4426,0.0
'2011-12-14',8.2782,0.0
'2011-12-15',8.1155,0.0
'2011-12-16',7.9553,0.0
'2011-12-17',7.7979,0.0
'2011-12-18',7.6436,0.0
'2011-12-19',7.4923,0.0
'2011-12-20',7.3439,0.0
'2011-12-21',7.1985,0.0
'2011-12-22',7.056,0.0
'2011-12-23',6.9163,0.0
'2011-12-24',6.7793,0.0
'2011-12-25',6.6451,0.0
'2011-12-26',6.5135,0.0
'2011-12-27',6.3845,0.0
'2011-12-28',6.2581,0.0
'2011-12-29',6.1342,0.0
'2011-12-30',6.0127,0.0
'2011-12-31',5.8936,0.0
'2012-1-1',5.7769,0.0
'2012-1-2',5.6626,0.0
'2012-1-3',5.5505,0.0
'2012-1-4',5.4406,0.0
'2012-1-5',5.333,0.0
'2012-1-6',5.2274,0.0
'2012-1-7',5.124,0.0
'2012-1-8',5.0226,0.0
'2012-1-9',4.9231,0.0
'2012-1-10',4.8257,0.0
'2012-1-11',4.7301,0.0
'2012-1-12',4.6365,0.0
'2012-1-13',4.5447,0.0
'2012-1-14',4.4547,0.0
'2012-1-15',4.3665,0.0
'2012-1-16',4.28,0.0
'2012-1-17',4.1952,0.0
'2012-1-18',4.1122,0.0
'2012-1-19',4.0307,0.0
'2012-1-20',3.951,0.0
'2012-1-21',3.8728,0.0
'2012-1-22',3.7962,0.0
'2012-1-23',3.7212,0.0
'2012-1-24',3.6477,0.0
'2012-1-25',3.5756,0.0
'2012-1-26',3.5049,0.0
'2012-1-27',3.4355,0.0
'2012-1-28',3.3675,0.0
'2012-1-29',3.3009,0.0
'2012-1-30',3.2355,0.0
'2012-1-31',3.1715,0.0
'2012-2-1',3.1087,0.0
'2012-2-2',3.0471,0.0
'2012-2-3',2.9868,0.0
'2012-2-4',2.9276,0.0
'2012-2-5',2.8697,0.0
'2012-2-6',2.8128,0.0
'2012-2-7',2.7571,0.0
'2012-2-8',2.7025,0.0
'2012-2-9',2.649,0.0
'2012-2-10',2.5966,0.0
'2012-2-11',2.5452,0.0
'2012-2-12',2.4948,0.0
'2012-2-13',2.4454,0.0
'2012-2-14',2.3969,0.0
'2012-2-15',2.3495,0.0
'2012-2-16',2.303,0.0
'2012-2-17',2.2574,0.0
'2012-2-18',2.2127,0.0
'2012-2-19',2.1688,0.0
'2012-2-20',2.1259,0.0
'2012-2-21',2.0838,0.0
'2012-2-22',2.0425,0.0
'2012-2-23',3.1771,16.1248
'2012-2-24',2.1169,0.0
'2012-2-25',2.2013,0.0
'2012-2-26',2.2762,0.0
'2012-2-27',2.3212,0.0
'2012-2-28',2.3343,0.0
'2012-2-29',2.3227,0.0
'2012-3-1',6.5004,3.2563
'2012-3-2',2.8101,0.0
'2012-3-3',3.2088,0.0
'2012-3-4',3.5693,0.0
'2012-3-5',3.8208,0.0
'2012-3-6',3.9565,0.0
'2012-3-7',15.342,0.118
'2012-3-8',4.1394,0.0
'2012-3-9',4.2142,0.0
'2012-3-10',4.2628,0.0
'2012-3-11',4.2744,0.0
'2012-3-12',4.2514,0.0
'2012-3-13',4.2028,0.0
'2012-3-14',4.1386,0.0
'2012-3-15',4.066,0.0
'2012-3-16',3.999,0.0
'2012-3-17',4.7092,0.0024
'2012-3-18',4.0401,0.0
'2012-3-19',4.1099,0.0
'2012-3-20',4.1657,0.0
'2012-3-21',4.1859,0.0
'2012-3-22',18.94,0.0294
'2012-3-23',28.0109,0.1792
'2012-3-24',4.9653,0.0
'2012-3-25',5.4236,0.0
'2012-3-26',5.7999,0.0
'2012-3-27',17.4907,0.0814
'2012-3-28',9.2104,0.007
'2012-3-29',7.0754,0.0
'2012-3-30',7.6931,0.0005
'2012-3-31',7.7077,0.0
'2012-4-1',7.807,0.0
'2012-4-2',9.2918,0.0042
'2012-4-3',7.7599,0.0
'2012-4-4',17.7124,0.0702
'2012-4-5',16.9314,0.0053
'2012-4-6',17.0425,0.0046
'2012-4-7',9.7376,0.0
'2012-4-8',10.3587,0.0
'2012-4-9',10.7234,0.0
'2012-4-10',10.8526,0.0
'2012-4-11',11.954,0.003
'2012-4-12',10.6938,0.0
'2012-4-13',10.5199,0.0
'2012-4-14',10.328,0.0
'2012-4-15',10.1301,0.0
'2012-4-16',9.932,0.0
'2012-4-17',9.7363,0.0
'2012-4-18',9.5438,0.0
'2012-4-19',9.3549,0.0
'2012-4-20',9.1697,0.0
'2012-4-21',30.3013,0.0745
'2012-4-22',9.1086,0.0
'2012-4-23',9.2026,0.0
'2012-4-24',9.2898,0.0
'2012-4-25',10.4644,0.0039
'2012-4-26',9.2727,0.0
'2012-4-27',9.1731,0.0
'2012-4-28',9.0404,0.0
'2012-4-29',8.8868,0.0
'2012-4-30',8.723,0.0
'2012-5-1',8.5558,0.0
'2012-5-2',8.3886,0.0
'2012-5-3',8.4452,0.0005
'2012-5-4',8.062,0.0
'2012-5-5',7.9016,0.0
'2012-5-6',7.7451,0.0
'2012-5-7',7.5918,0.0
'2012-5-8',7.4415,0.0
'2012-5-9',7.2941,0.0
'2012-5-10',7.1497,0.0
'2012-5-11',7.0081,0.0
'2012-5-12',6.8694,0.0
'2012-5-13',6.7333,0.0
'2012-5-14',11.2404,4.2954
'2012-5-15',6.4723,0.0
'2012-5-16',6.3412,0.0
'2012-5-17',6.2185,0.0
'2012-5-18',6.0926,0.0
'2012-5-19',5.9719,0.0
'2012-5-20',5.8537,0.0
'2012-5-21',5.7378,0.0
'2012-5-22',5.6242,0.0
'2012-5-23',5.5128,0.0
'2012-5-24',5.4036,0.0
'2012-5-25',5.2966,0.0
'2012-5-26',5.1917,0.0
'2012-5-27',5.0894,0.0
'2012-5-28',4.9882,0.0
'2012-5-29',4.8894,0.0
'2012-5-30',7.1206,0.0067
'2012-5-31',7.8455,0.0087
'2012-6-1',4.6057,0.0
'2012-6-2',4.5135,0.0
'2012-6-3',4.4241,0.0
'2012-6-4',4.3365,0.0
'2012-6-5',4.2506,0.0
'2012-6-6',4.1665,0.0
'2012-6-7',4.0909,0.0073
'2012-6-8',4.0031,0.0
'2012-6-9',3.9238,0.0
'2012-6-10',3.8461,0.0
'2012-6-11',22.6165,3.8564
'2012-6-12',3.7027,0.0
'2012-6-13',4.0071,0.0007
'2012-6-14',3.5505,0.0
'2012-6-15',3.481,0.0
'2012-6-16',3.4125,0.0
'2012-6-17',3.3437,0.0
'2012-6-18',3.2775,0.0
'2012-6-19',3.2126,0.0
'2012-6-20',3.149,0.0
'2012-6-21',3.0866,0.0
'2012-6-22',3.0255,0.0
'2012-6-23',4.3604,0.8429
'2012-6-24',2.9076,0.0
'2012-6-25',2.8874,0.0001
'2012-6-26',9.8981,0.0242
'2012-6-27',3.1165,0.0071
'2012-6-28',2.6847,0.0
'2012-6-29',2.6302,0.0
'2012-6-30',9.826,0.0262
'2012-7-1',2.5286,0.0
'2012-7-2',2.4771,0.0
'2012-7-3',2.428,0.0
'2012-7-4',2.3799,0.0
'2012-7-5',2.3333,0.0
'2012-7-6',111.766,0.6508
'2012-7-7',2.7042,0.058
'2012-7-8',2.2469,0.0
'2012-7-9',2.2288,0.0
'2012-7-10',2.1994,0.0
'2012-7-11',2.3565,0.0006
'2012-7-12',2.121,0.0
'2012-7-13',5.7506,0.0115
'2012-7-14',2.2487,0.0009
'2012-7-15',71.9529,0.4087
'2012-7-16',2.4314,0.0
'2012-7-17',2.6976,0.0
'2012-7-18',2.9187,0.0
'2012-7-19',27.2811,0.1052
'2012-7-20',3.3952,0.0
'2012-7-21',3.5875,0.0
'2012-7-22',3.693,0.0
'2012-7-23',3.7152,0.0
'2012-7-24',3.6849,0.0
'2012-7-25',3.6282,0.0
'2012-7-26',3.5607,0.0
'2012-7-27',3.4908,0.0
'2012-7-28',3.4217,0.0
'2012-7-29',3.3539,0.0
'2012-7-30',3.2875,0.0
'2012-7-31',3.2224,0.0
'2012-8-1',3.1586,0.0
'2012-8-2',3.0961,0.0
'2012-8-3',3.0347,0.0
'2012-8-4',2.9747,0.0
'2012-8-5',2.9158,0.0
'2012-8-6',2.858,0.0
'2012-8-7',2.8014,0.0
'2012-8-8',2.746,0.0
'2012-8-9',2.6916,0.0
'2012-8-10',2.6383,0.0
'2012-8-11',2.586,0.0
'2012-8-12',42.3159,0.17
'2012-8-13',3.8454,0.0084
'2012-8-14',2.4402,0.0
'2012-8-15',9.8371,0.0236
'2012-8-16',6.4699,0.0121
'2012-8-17',9.6565,0.0228
'2012-8-18',2.2551,0.0
'2012-8-19',2.2061,0.0
'2012-8-20',2.3377,0.0002
'2012-8-21',2.5518,0.0004
'2012-8-22',22.7487,0.084
'2012-8-23',30.0587,0.1332
'2012-8-24',3.5855,0.0002
'2012-8-25',4.3101,0.0007
'2012-8-26',4.4129,0.0
'2012-8-27',4.7609,0.0
'2012-8-28',28.4672,0.0934
'2012-8-29',5.455,0.0
'2012-8-30',69.1653,0.3027
'2012-8-31',10.7154,0.0064
'2012-9-1',8.1689,0.0006
'2012-9-2',8.5272,0.0
'2012-9-3',9.0924,0.0
'2012-9-4',9.3907,0.0
'2012-9-5',10.8709,0.0033
'2012-9-6',9.5166,0.0
'2012-9-7',9.4473,0.0
'2012-9-8',37.6101,0.1273
'2012-9-9',9.4577,0.0
'2012-9-10',9.4945,0.0
'2012-9-11',9.4947,0.0
'2012-9-12',9.4319,0.0
'2012-9-13',9.3164,0.0
'2012-9-14',9.1686,0.0
'2012-9-15',9.0036,0.0
'2012-9-16',26.1758,0.0638
'2012-9-17',67.9251,0.2793
'2012-9-18',9.5707,0.0
'2012-9-19',10.0328,0.0
'2012-9-20',10.3749,0.0
'2012-9-21',10.5277,0.0
'2012-9-22',10.5236,0.0
'2012-9-23',10.4193,0.0
'2012-9-24',10.2614,0.0
'2012-9-25',10.0793,0.0
'2012-9-26',9.8883,0.0
'2012-9-27',9.6958,0.0
'2012-9-28',9.5051,0.0
'2012-9-29',9.3174,0.0
'2012-9-30',9.133,0.0
'2012-10-1',8.9523,0.0
'2012-10-2',8.775,0.0
'2012-10-3',8.6013,0.0
'2012-10-4',8.4309,0.0
'2012-10-5',8.264,0.0
'2012-10-6',8.1004,0.0
'2012-10-7',7.94,0.0
'2012-10-8',7.7827,0.0
'2012-10-9',7.6286,0.0
'2012-10-10',7.4776,0.0
'2012-10-11',7.3295,0.0
'2012-10-12',7.1844,0.0
'2012-10-13',7.0421,0.0
'2012-10-14',6.9027,0.0
'2012-10-15',6.766,0.0
'2012-10-16',6.632,0.0
'2012-10-17',6.5007,0.0
'2012-10-18',6.372,0.0
'2012-10-19',6.2458,0.0
'2012-10-20',6.1221,0.0
'2012-10-21',6.0009,0.0
'2012-10-22',7.8067,0.0052
'2012-10-23',5.7682,0.0
'2012-10-24',5.6514,0.0
'2012-10-25',5.5395,0.0
'2012-10-26',5.4298,0.0
'2012-10-27',6.1126,0.0019
'2012-10-28',5.2205,0.0
'2012-10-29',5.1136,0.0
'2012-10-30',5.0124,0.0
'2012-10-31',4.9131,0.0
'2012-11-1',4.8158,0.0
'2012-11-2',4.7205,0.0
'2012-11-3',4.627,0.0
'2012-11-4',4.5354,0.0
'2012-11-5',4.5234,0.0001
'2012-11-6',4.3584,0.0
'2012-11-7',4.2713,0.0
'2012-11-8',4.1867,0.0
'2012-11-9',4.1038,0.0
'2012-11-10',4.0227,0.0
'2012-11-11',8.7653,0.0125
'2012-11-12',4.0312,0.0
'2012-11-13',4.0611,0.0
'2012-11-14',4.1484,0.0
'2012-11-15',4.2033,0.0
'2012-11-16',4.2091,0.0
'2012-11-17',4.1756,0.0
'2012-11-18',4.1179,0.0
'2012-11-19',4.0478,0.0
'2012-11-20',3.9726,0.0
'2012-11-21',3.8959,0.0
'2012-11-22',3.8195,0.0
'2012-11-23',3.7442,0.0
'2012-11-24',3.6702,0.0
'2012-11-25',3.5975,0.0
'2012-11-26',3.5263,0.0
'2012-11-27',3.4565,0.0
'2012-11-28',3.3898,0.0
'2012-11-29',3.321,0.0
'2012-11-30',3.2552,0.0
'2012-12-1',3.1907,0.0
'2012-12-2',3.1276,0.0
'2012-12-3',3.0656,0.0
'2012-12-4',3.0049,0.0
'2012-12-5',2.9454,0.0
'2012-12-6',2.8871,0.0
'2012-12-7',2.8299,0.0
'2012-12-8',2.7739,0.0
'2012-12-9',2.719,0.0
'2012-12-10',2.6651,0.0
'2012-12-11',2.6124,0.0
'2012-12-12',2.5606,0.0
'2012-12-13',2.5099,0.0
'2012-12-14',2.4602,0.0
'2012-12-15',2.4115,0.0
'2012-12-16',2.3638,0.0
'2012-12-17',2.317,0.0
'2012-12-18',2.2711,0.0
'2012-12-19',2.2261,0.0
'2012-12-20',2.182,0.0
'2012-12-21',2.1388,0.0
'2012-12-22',2.0965,0.0
'2012-12-23',2.055,0.0
'2012-12-24',2.0143,0.0
'2012-12-25',1.9744,0.0
'2012-12-26',1.9353,0.0
'2012-12-27',1.897,0.0
'2012-12-28',1.8594,0.0
'2012-12-29',1.8226,0.0
'2012-12-30',1.7865,0.0
'2012-12-31',1.7511,0.0
'2013-1-1',1.7164,0.0
'2013-1-2',1.6825,0.0
'2013-1-3',1.6491,0.0
'2013-1-4',1.6165,0.0
'2013-1-5',1.5845,0.0
'2013-1-6',1.5531,0.0
'2013-1-7',1.5223,0.0
'2013-1-8',1.4922,0.0
'2013-1-9',1.4627,0.0
'2013-1-10',1.4337,0.0
'2013-1-11',1.4053,0.0
'2013-1-12',1.3775,0.0
'2013-1-13',1.3502,0.0
'2013-1-14',1.3235,0.0
'2013-1-15',1.2973,0.0
'2013-1-16',1.2716,0.0
'2013-1-17',1.2464,0.0
'2013-1-18',1.2217,0.0
'2013-1-19',1.1975,0.0
'2013-1-20',1.1738,0.0
'2013-1-21',1.1506,0.0
'2013-1-22',1.1278,0.0
'2013-1-23',1.1055,0.0
'2013-1-24',1.0836,0.0
'2013-1-25',1.0621,0.0
'2013-1-26',1.0411,0.0
'2013-1-27',1.0205,0.0
'2013-1-28',1.0003,0.0
'2013-1-29',0.9804,0.0
'2013-1-30',0.961,0.0
'2013-1-31',6.4357,41.2891
'2013-2-1',16.2101,1.0986
'2013-2-2',1.1634,0.0
'2013-2-3',1.3542,0.0
'2013-2-4',1.5298,0.0
'2013-2-5',1.655,0.0
'2013-2-6',1.7248,0.0
'2013-2-7',1.7511,0.0
'2013-2-8',1.7489,0.0
'2013-2-9',1.7306,0.0
'2013-2-10',1.7039,0.0
'2013-2-11',1.6737,0.0
'2013-2-12',1.642,0.0
'2013-2-13',1.6101,0.0
'2013-2-14',1.5784,0.0
'2013-2-15',1.5473,0.0
'2013-2-16',1.5167,0.0
'2013-2-17',1.4867,0.0
'2013-2-18',1.4572,0.0
'2013-2-19',1.4284,0.0
'2013-2-20',1.4001,0.0
'2013-2-21',1.3724,0.0
'2013-2-22',1.3452,0.0
'2013-2-23',1.3186,0.0
'2013-2-24',1.2925,0.0
'2013-2-25',1.2669,0.0
'2013-2-26',1.2418,0.0
'2013-2-27',10.4751,0.4478
'2013-2-28',10.3942,0.0653
'2013-3-1',1.8625,0.0
'2013-3-2',2.2537,0.0
'2013-3-3',2.5845,0.0
'2013-3-4',2.8074,0.0
'2013-3-5',6.5008,0.0074
'2013-3-6',16.039,0.0092
'2013-3-7',4.2231,0.0
'2013-3-8',15.469,0.001
'2013-3-9',6.8345,0.0009
'2013-3-10',6.7519,0.0
'2013-3-11',7.3483,0.0
'2013-3-12',7.681,0.0
'2013-3-13',7.802,0.0
'2013-3-14',7.7876,0.0
'2013-3-15',18.7041,0.0479
'2013-3-16',7.6635,0.0
'2013-3-17',7.5813,0.0
'2013-3-18',8.4082,0.0019
'2013-3-19',7.5541,0.0
'2013-3-20',7.544,0.0
'2013-3-21',7.4951,0.0
'2013-3-22',8.9989,0.0047
'2013-3-23',7.3974,0.0
'2013-3-24',7.3276,0.0
'2013-3-25',7.2338,0.0
'2013-3-26',7.1201,0.0
'2013-3-27',8.2078,0.0036
'2013-3-28',6.8628,0.0
'2013-3-29',6.7299,0.0
'2013-3-30',6.598,0.0
'2013-3-31',6.4683,0.0
'2013-4-1',6.34,0.0
'2013-4-2',6.2758,0.0001
'2013-4-3',6.0915,0.0
'2013-4-4',5.9708,0.0
'2013-4-5',5.8526,0.0
'2013-4-6',6.645,0.0024
'2013-4-7',5.6247,0.0
'2013-4-8',5.515,0.0
'2013-4-9',5.4026,0.0
'2013-4-10',5.2957,0.0
'2013-4-11',5.1908,0.0
'2013-4-12',5.088,0.0
'2013-4-13',4.9873,0.0
'2013-4-14',4.9665,0.0002
'2013-4-15',4.7917,0.0
'2013-4-16',4.6968,0.0
'2013-4-17',4.6038,0.0
'2013-4-18',4.5127,0.0
'2013-4-19',4.4233,0.0
'2013-4-20',4.3389,0.0
'2013-4-21',4.25,0.0
'2013-4-22',4.1657,0.0
'2013-4-23',4.09,0.0
'2013-4-24',4.0044,0.0
'2013-4-25',4.1201,0.0004
'2013-4-26',3.8454,0.0
'2013-4-27',3.7693,0.0
'2013-4-28',3.6947,0.0
'2013-4-29',3.6215,0.0
'2013-4-30',3.5498,0.0
'2013-5-1',3.4812,0.0
'2013-5-2',3.7423,0.0006
'2013-5-3',3.9724,0.0012
'2013-5-4',3.2775,0.0
'2013-5-5',3.212,0.0
'2013-5-6',3.1484,0.0
'2013-5-7',3.086,0.0
'2013-5-8',3.0249,0.0
'2013-5-9',2.965,0.0
'2013-5-10',2.9317,0.0552
'2013-5-11',2.8488,0.0
'2013-5-12',2.7924,0.0
'2013-5-13',2.7371,0.0
'2013-5-14',2.6829,0.0
'2013-5-15',2.6297,0.0
'2013-5-16',2.5777,0.0
'2013-5-17',2.5266,0.0
'2013-5-18',2.4771,0.0
'2013-5-19',17.6465,3.0521
'2013-5-20',2.3868,0.0
'2013-5-21',2.3324,0.0
'2013-5-22',2.2862,0.0
'2013-5-23',2.2409,0.0
'2013-5-24',2.1966,0.0
'2013-5-25',2.1531,0.0
'2013-5-26',2.1104,0.0
'2013-5-27',5.9069,0.0114
'2013-5-28',5.6968,0.0203
'2013-5-29',1.9907,0.0
'2013-5-30',1.9482,0.0
'2013-5-31',1.9096,0.0
'2013-6-1',1.8718,0.0
'2013-6-2',1.8347,0.0
'2013-6-3',1.7984,0.0
'2013-6-4',1.7628,0.0
'2013-6-5',1.7279,0.0
'2013-6-6',1.6937,0.0
'2013-6-7',1.6601,0.0
'2013-6-8',1.6272,0.0
'2013-6-9',1.595,0.0
'2013-6-10',1.5634,0.0
'2013-6-11',1.5325,0.0
'2013-6-12',1.5028,0.0
'2013-6-13',1.4724,0.0
'2013-6-14',1.4432,0.0
'2013-6-15',1.4147,0.0
'2013-6-16',1.3866,0.0
'2013-6-17',1.3592,0.0
'2013-6-18',8.5713,8.4512
'2013-6-19',6.9253,0.1752
'2013-6-20',1.2802,0.0
'2013-6-21',1.2547,0.0
'2013-6-22',1.2298,0.0
'2013-6-23',1.2055,0.0
'2013-6-24',1.3156,0.0003
'2013-6-25',10.8089,0.0273
'2013-6-26',1.1445,0.0
'2013-6-27',1.407,0.0006
'2013-6-28',2.7811,0.0044
'2013-6-29',1.0692,0.0
'2013-6-30',1.048,0.0
'2013-7-1',1.0273,0.0
'2013-7-2',1.0108,0.0
'2013-7-3',0.987,0.0
'2013-7-4',0.9674,0.0
'2013-7-5',1.2609,0.0007
'2013-7-6',0.9295,0.0
'2013-7-7',0.9111,0.0
'2013-7-8',1.1705,0.0007
'2013-7-9',0.8754,0.0
'2013-7-10',1.4245,0.0015
'2013-7-11',2.7409,0.0042
'2013-7-12',4.0496,0.0105
'2013-7-13',20.2241,0.0882
'2013-7-14',50.4802,0.3006
'2013-7-15',117.0739,0.8372
'2013-7-16',3.2359,0.0
'2013-7-17',4.8341,0.0017
'2013-7-18',19.7655,0.054
'2013-7-19',5.688,0.0
'2013-7-20',6.1232,0.0
'2013-7-21',6.341,0.0
'2013-7-22',44.7316,0.1642
'2013-7-23',11.8527,0.0097
'2013-7-24',9.0928,0.0032
'2013-7-25',7.8124,0.0
'2013-7-26',8.0932,0.0
'2013-7-27',8.1934,0.0
'2013-7-28',8.1597,0.0
'2013-7-29',8.0534,0.0
'2013-7-30',7.9138,0.0
'2013-7-31',9.7339,0.0049
'2013-8-1',7.613,0.0
'2013-8-2',7.4591,0.0
'2013-8-3',7.3114,0.0
'2013-8-4',7.1666,0.0
'2013-8-5',7.0247,0.0
'2013-8-6',6.8856,0.0
'2013-8-7',6.7492,0.0
'2013-8-8',6.6156,0.0
'2013-8-9',6.5138,0.0001
'2013-8-10',7.3976,0.0024
'2013-8-11',6.231,0.0
'2013-8-12',6.107,0.0
'2013-8-13',5.986,0.0
'2013-8-14',5.8675,0.0
'2013-8-15',5.7513,0.0
'2013-8-16',5.6374,0.0
'2013-8-17',5.5258,0.0
'2013-8-18',5.4164,0.0
'2013-8-19',5.3091,0.0
'2013-8-20',5.204,0.0
'2013-8-21',5.101,0.0
'2013-8-22',5.0,0.0
'2013-8-23',11.889,0.0214
'2013-8-24',4.808,0.0
'2013-8-25',4.7088,0.0
'2013-8-26',4.6155,0.0
'2013-8-27',4.5241,0.0
'2013-8-28',4.4346,0.0
'2013-8-29',4.3507,0.0
'2013-8-30',4.2607,0.0
'2013-8-31',4.1763,0.0
'2013-9-1',4.0936,0.0
'2013-9-2',4.0126,0.0
'2013-9-3',3.9331,0.0
'2013-9-4',3.8552,0.0
'2013-9-5',3.7789,0.0
'2013-9-6',3.7041,0.0
'2013-9-7',3.6307,0.0
'2013-9-8',3.5588,0.0
'2013-9-9',3.4884,0.0
'2013-9-10',3.4208,0.0
'2013-9-11',4.3571,0.0023
'2013-9-12',3.2871,0.0
'2013-9-13',10.1997,0.0202
'2013-9-14',26.7133,0.0913
'2013-9-15',3.104,0.0
'2013-9-16',3.0326,0.0
'2013-9-17',2.9726,0.0
'2013-9-18',2.9137,0.0
'2013-9-19',2.856,0.0
'2013-9-20',2.7995,0.0
'2013-9-21',2.744,0.0
'2013-9-22',3.7903,0.003
'2013-9-23',2.6395,0.0
'2013-9-24',2.6034,0.0
'2013-9-25',3.4658,0.0019
'2013-9-26',2.4939,0.0
'2013-9-27',2.4349,0.0
'2013-9-28',2.3858,0.0
'2013-9-29',17.2827,0.0494
'2013-9-30',6.2544,0.0061
'2013-10-1',3.5082,0.0
'2013-10-2',4.0557,0.0
'2013-10-3',4.4489,0.0
'2013-10-4',4.6601,0.0
'2013-10-5',4.7313,0.0
'2013-10-6',4.8501,0.0003
'2013-10-7',4.6633,0.0
'2013-10-8',18.0799,0.0474
'2013-10-9',4.8778,0.0
'2013-10-10',5.0878,0.0
'2013-10-11',5.265,0.0
'2013-10-12',5.3493,0.0
'2013-10-13',5.3516,0.0
'2013-10-14',5.3002,0.0
'2013-10-15',10.4169,0.0148
'2013-10-16',5.4288,0.0
'2013-10-17',5.5682,0.0
'2013-10-18',5.6787,0.0
'2013-10-19',5.718,0.0
'2013-10-20',5.6922,0.0
'2013-10-21',5.6237,0.0
'2013-10-22',5.5327,0.0
'2013-10-23',5.4317,0.0
'2013-10-24',5.3276,0.0
'2013-10-25',5.2234,0.0
'2013-10-26',5.1205,0.0
'2013-10-27',5.0193,0.0
'2013-10-28',4.9199,0.0
'2013-10-29',4.8225,0.0
'2013-10-30',4.7271,0.0
'2013-10-31',4.6335,0.0
'2013-11-1',4.5417,0.0
'2013-11-2',4.4518,0.0
'2013-11-3',4.3636,0.0
'2013-11-4',4.2772,0.0
'2013-11-5',4.1925,0.0
'2013-11-6',4.1095,0.0
'2013-11-7',4.0712,0.0001
'2013-11-8',3.9484,0.0
'2013-11-9',3.8714,0.0
'2013-11-10',3.7965,0.0
'2013-11-11',3.7184,0.0
'2013-11-12',3.6448,0.0
'2013-11-13',3.5726,0.0
'2013-11-14',3.5019,0.0
'2013-11-15',3.4325,0.0
'2013-11-16',3.3646,0.0
'2013-11-17',3.298,0.0
'2013-11-18',3.2327,0.0
'2013-11-19',3.1686,0.0
'2013-11-20',3.1059,0.0
'2013-11-21',3.0444,0.0
'2013-11-22',2.9841,0.0
'2013-11-23',2.925,0.0
'2013-11-24',3.1946,0.0008
'2013-11-25',9.4217,0.0192
'2013-11-26',2.7577,0.0
'2013-11-27',2.7001,0.0
'2013-11-28',2.6467,0.0
'2013-11-29',2.5943,0.0
'2013-11-30',2.5429,0.0
'2013-12-1',4.92,0.0074
'2013-12-2',2.5029,0.0
'2013-12-3',2.5037,0.0
'2013-12-4',2.5007,0.0
'2013-12-5',2.4824,0.0
'2013-12-6',2.4508,0.0
'2013-12-7',2.4109,0.0
'2013-12-8',2.3671,0.0
'2013-12-9',2.5952,0.0006
'2013-12-10',2.3435,0.0
'2013-12-11',2.3653,0.0
'2013-12-12',2.3915,0.0
'2013-12-13',2.4053,0.0
'2013-12-14',2.4009,0.0
'2013-12-15',2.38,0.0
'2013-12-16',2.3479,0.0
'2013-12-17',2.3092,0.0
'2013-12-18',2.2673,0.0
'2013-12-19',2.2242,0.0
'2013-12-20',2.181,0.0
'2013-12-21',2.1383,0.0
'2013-12-22',2.0963,0.0
'2013-12-23',2.055,0.0
'2013-12-24',2.0144,0.0
'2013-12-25',1.9747,0.0
'2013-12-26',1.9357,0.0
'2013-12-27',1.8974,0.0
'2013-12-28',1.8599,0.0
'2013-12-29',1.823,0.0
'2013-12-30',1.7869,0.0
'2013-12-31',1.7516,0.0
'2014-1-1',1.7169,0.0
'2014-1-2',1.6829,0.0
'2014-1-3',1.6496,0.0
'2014-1-4',1.6169,0.0
'2014-1-5',1.5849,0.0
'2014-1-6',1.5536,0.0
'2014-1-7',1.5229,0.0
'2014-1-8',1.4929,0.0
'2014-1-9',1.4634,0.0
'2014-1-10',1.4344,0.0
'2014-1-11',1.406,0.0
'2014-1-12',1.3782,0.0
'2014-1-13',1.3509,0.0
'2014-1-14',1.3242,0.0
'2014-1-15',1.298,0.0
'2014-1-16',1.2723,0.0
'2014-1-17',1.2471,0.0
'2014-1-18',1.2224,0.0
'2014-1-19',1.1982,0.0
'2014-1-20',1.1744,0.0
'2014-1-21',1.1512,0.0
'2014-1-22',1.1284,0.0
'2014-1-23',1.106,0.0
'2014-1-24',1.0841,0.0
'2014-1-25',3.0567,15.0406
'2014-1-26',1.3906,0.0
'2014-1-27',1.6481,0.0
'2014-1-28',1.8831,0.0
'2014-1-29',2.0498,0.0
'2014-1-30',2.3942,0.0637
'2014-1-31',2.2906,0.0
'2014-2-1',2.3784,0.0
'2014-2-2',13.6348,0.735
'2014-2-3',2.6408,0.0
'2014-2-4',2.7803,0.0
'2014-2-5',2.8886,0.0
'2014-2-6',2.9497,0.0
'2014-2-7',2.9668,0.0
'2014-2-8',2.9514,0.0
'2014-2-9',2.916,0.0
'2014-2-10',2.8696,0.0
'2014-2-11',2.8181,0.0
'2014-2-12',2.7646,0.0
'2014-2-13',2.7109,0.0
'2014-2-14',2.6576,0.0
'2014-2-15',2.6051,0.0
'2014-2-16',2.5536,0.0
'2014-2-17',2.5031,0.0
'2014-2-18',2.4535,0.0
'2014-2-19',2.4049,0.0
'2014-2-20',2.3573,0.0
'2014-2-21',2.3106,0.0
'2014-2-22',2.2649,0.0
'2014-2-23',2.22,0.0
'2014-2-24',2.1761,0.0
'2014-2-25',5.514,0.0581
'2014-2-26',2.6385,0.0
'2014-2-27',4.0809,0.0003
'2014-2-28',3.7805,0.0
'2014-3-1',4.3414,0.0
'2014-3-2',4.7619,0.0
'2014-3-3',5.0171,0.0
'2014-3-4',10.9899,0.0033
'2014-3-5',5.5538,0.0
'2014-3-6',5.8345,0.0
'2014-3-7',6.0574,0.0
'2014-3-8',6.1864,0.0
'2014-3-9',6.2242,0.0
'2014-3-10',6.1938,0.0
'2014-3-11',6.1207,0.0
'2014-3-12',6.9691,0.0025
'2014-3-13',6.1176,0.0
'2014-3-14',6.1659,0.0
'2014-3-15',17.4624,0.0269
'2014-3-16',23.5779,0.0011
'2014-3-17',25.2345,0.0015
'2014-3-18',22.4318,0.0044
'2014-3-19',8.7459,0.0
'2014-3-20',9.5191,0.0
'2014-3-21',10.0881,0.0
'2014-3-22',18.8927,0.0063
'2014-3-23',10.9282,0.0
'2014-3-24',11.1419,0.0
'2014-3-25',11.2042,0.0
'2014-3-26',11.142,0.0
'2014-3-27',11.0015,0.0
'2014-3-28',10.8202,0.0
'2014-3-29',10.6215,0.0
'2014-3-30',10.5293,0.0003
'2014-3-31',10.2134,0.0
'2014-4-1',10.012,0.0
'2014-4-2',9.8141,0.0
'2014-4-3',13.3191,0.0109
'2014-4-4',9.4339,0.0
'2014-4-5',9.2441,0.0
'2014-4-6',9.0601,0.0
'2014-4-7',12.3832,0.0064
'2014-4-8',8.9034,0.0
'2014-4-9',8.8357,0.0
'2014-4-10',8.7355,0.0
'2014-4-11',8.6051,0.0
'2014-4-12',8.4557,0.0
'2014-4-13',8.2977,0.0
'2014-4-14',8.1375,0.0
'2014-4-15',7.9778,0.0
'2014-4-16',7.8205,0.0
'2014-4-17',7.6658,0.0
'2014-4-18',7.5141,0.0
'2014-4-19',7.3653,0.0
'2014-4-20',7.2195,0.0
'2014-4-21',7.0765,0.0
'2014-4-22',6.9364,0.0
'2014-4-23',6.7991,0.0
'2014-4-24',6.6644,0.0
'2014-4-25',6.5325,0.0
'2014-4-26',6.4031,0.0
'2014-4-27',6.2763,0.0
'2014-4-28',21.6458,0.0512
'2014-4-29',73.4016,0.3243
'2014-4-30',6.4572,0.0
'2014-5-1',6.7251,0.0
'2014-5-2',7.0043,0.0
'2014-5-3',7.1621,0.0
'2014-5-4',7.1947,0.0
'2014-5-5',7.1419,0.0
'2014-5-6',7.042,0.0
'2014-5-7',6.9203,0.0
'2014-5-8',8.8648,2.4076
'2014-5-9',6.66,0.0
'2014-5-10',6.5279,0.0
'2014-5-11',6.4015,0.0
'2014-5-12',6.2808,0.0
'2014-5-13',6.1482,0.0
'2014-5-14',6.0265,0.0
'2014-5-15',5.9072,0.0
'2014-5-16',5.7902,0.0
'2014-5-17',5.6755,0.0
'2014-5-18',5.5632,0.0
'2014-5-19',5.453,0.0
'2014-5-20',5.345,0.0
'2014-5-21',5.2392,0.0
'2014-5-22',5.1354,0.0
'2014-5-23',5.0338,0.0
'2014-5-24',4.9341,0.0
'2014-5-25',4.8364,0.0
'2014-5-26',4.7406,0.0
'2014-5-27',4.6467,0.0
'2014-5-28',4.5547,0.0
'2014-5-29',4.4645,0.0
'2014-5-30',4.3761,0.0
'2014-5-31',4.2895,0.0
'2014-6-1',4.2045,0.0
'2014-6-2',4.1213,0.0
'2014-6-3',7.4428,2.5949
'2014-6-4',5.7855,0.0176
'2014-6-5',9.3357,0.0239
'2014-6-6',3.8133,0.0
'2014-6-7',3.7291,0.0
'2014-6-8',3.6553,0.0
'2014-6-9',3.5863,0.0
'2014-6-10',3.6179,0.1684
'2014-6-11',3.4427,0.0
'2014-6-12',3.3742,0.0
'2014-6-13',3.3172,0.0
'2014-6-14',3.2419,0.0
'2014-6-15',3.1777,0.0
'2014-6-16',3.1148,0.0
'2014-6-17',3.0531,0.0
'2014-6-18',2.9943,0.0
'2014-6-19',2.9334,0.0
'2014-6-20',2.8753,0.0
'2014-6-21',2.8208,0.0
'2014-6-22',2.7636,0.0
'2014-6-23',8.6489,0.0382
'2014-6-24',5.6717,0.056
'2014-6-25',2.602,0.0
'2014-6-26',2.5502,0.0
'2014-6-27',2.4997,0.0
'2014-6-28',2.4505,0.0
'2014-6-29',2.4017,0.0
'2014-6-30',2.3541,0.0
'2014-7-1',2.3075,0.0
'2014-7-2',2.2618,0.0
'2014-7-3',11.5401,0.0301
'2014-7-4',2.1817,0.0
'2014-7-5',2.1301,0.0
'2014-7-6',2.0879,0.0
'2014-7-7',2.0466,0.0
'2014-7-8',2.006,0.0
'2014-7-9',1.9697,0.0
'2014-7-10',1.9274,0.0
'2014-7-11',1.8892,0.0
'2014-7-12',1.8518,0.0
'2014-7-13',1.8151,0.0
'2014-7-14',1.7792,0.0
'2014-7-15',1.744,0.0
'2014-7-16',1.7094,0.0
'2014-7-17',1.6756,0.0
'2014-7-18',1.6424,0.0
'2014-7-19',1.617,0.0
'2014-7-20',1.578,0.0
'2014-7-21',1.5468,0.0
'2014-7-22',1.5172,0.0
'2014-7-23',2.7178,0.0032
'2014-7-24',11.6451,0.0423
'2014-7-25',6.4287,0.0247
'2014-7-26',1.4548,0.0001
'2014-7-27',1.3719,0.0
'2014-7-28',1.3447,0.0
'2014-7-29',1.3181,0.0
'2014-7-30',1.292,0.0
'2014-7-31',45.6501,0.1832
'2014-8-1',1.2582,0.0
'2014-8-2',1.2169,0.0
'2014-8-3',7.6239,0.0201
'2014-8-4',1.1815,0.0
'2014-8-5',1.1479,0.0
'2014-8-6',15.2635,0.0563
'2014-8-7',4.7294,0.008
'2014-8-8',1.0933,0.0
'2014-8-9',9.3042,0.0227
'2014-8-10',119.666,0.7025
'2014-8-11',2.7423,0.013
'2014-8-12',3.3584,0.0
'2014-8-13',3.9858,0.0
'2014-8-14',4.5903,0.0004
'2014-8-15',4.6076,0.0
'2014-8-16',4.6889,0.0
'2014-8-17',5.7119,0.0023
'2014-8-18',35.0635,0.1362
'2014-8-19',19.9686,0.1538
'2014-8-20',6.1549,0.0001
'2014-8-21',23.1864,0.0641
'2014-8-22',7.615,0.0
'2014-8-23',8.1447,0.0
'2014-8-24',8.4592,0.0
'2014-8-25',10.0815,0.0043
'2014-8-26',21.7734,0.0486
'2014-8-27',8.9114,0.0
'2014-8-28',9.0814,0.0
'2014-8-29',9.1932,0.0
'2014-8-30',9.2099,0.0
'2014-8-31',9.1439,0.0
'2014-9-1',9.0235,0.0
'2014-9-2',8.8737,0.0
'2014-9-3',70.5985,0.3963
'2014-9-4',8.5487,0.0
'2014-9-5',8.3764,0.0
'2014-9-6',8.2114,0.0
'2014-9-7',8.0491,0.0
'2014-9-8',7.8898,0.0
'2014-9-9',7.7336,0.0
'2014-9-10',7.5805,0.0
'2014-9-11',7.4304,0.0
'2014-9-12',14.5006,0.0225
'2014-9-13',7.1991,0.0
'2014-9-14',7.1178,0.0
'2014-9-15',7.0488,0.0
'2014-9-16',6.963,0.0
'2014-9-17',6.8582,0.0
'2014-9-18',6.7401,0.0
'2014-9-19',6.6152,0.0
'2014-9-20',6.4881,0.0
'2014-9-21',6.3611,0.0
'2014-9-22',6.2358,0.0
'2014-9-23',6.1126,0.0
'2014-9-24',18.7797,0.0459
'2014-9-25',5.93,0.0
'2014-9-26',5.8794,0.0
'2014-9-27',5.842,0.0
'2014-9-28',5.7885,0.0
'2014-9-29',5.7146,0.0
'2014-9-30',7.734,0.0054
'2014-10-1',5.5862,0.0
'2014-10-2',5.5283,0.0
'2014-10-3',5.4654,0.0
'2014-10-4',5.3861,0.0
'2014-10-5',5.2966,0.0
'2014-10-6',5.2004,0.0
'2014-10-7',5.1016,0.0
'2014-10-8',5.0023,0.0
'2014-10-9',4.904,0.0
'2014-10-10',4.8116,0.0
'2014-10-11',4.7122,0.0
'2014-10-12',4.6188,0.0
'2014-10-13',57.1204,0.2412
'2014-10-14',4.945,0.0
'2014-10-15',5.2715,0.0
'2014-10-16',5.5692,0.0
'2014-10-17',5.7544,0.0
'2014-10-18',5.8227,0.0
'2014-10-19',5.8064,0.0
'2014-10-20',8.5494,0.0079
'2014-10-21',78.5665,0.4234
'2014-10-22',6.2791,0.0
'2014-10-23',6.6373,0.0
'2014-10-24',6.938,0.0
'2014-10-25',7.1152,0.0
'2014-10-26',7.1678,0.0
'2014-10-27',7.131,0.0
'2014-10-28',7.0415,0.0
'2014-10-29',6.9256,0.0
'2014-10-30',6.7985,0.0
'2014-10-31',7.4149,0.0022
'2014-11-1',6.5486,0.0
'2014-11-2',6.4119,0.0
'2014-11-3',6.282,0.0
'2014-11-4',6.1577,0.0
'2014-11-5',6.0358,0.0
'2014-11-6',5.9163,0.0
'2014-11-7',5.8228,0.0
'2014-11-8',5.6845,0.0
'2014-11-9',5.5717,0.0
'2014-11-10',5.4614,0.0
'2014-11-11',5.3533,0.0
'2014-11-12',5.2475,0.0
'2014-11-13',5.1434,0.0
'2014-11-14',5.0415,0.0
'2014-11-15',4.9417,0.0
'2014-11-16',4.8438,0.0
'2014-11-17',4.7479,0.0
'2014-11-18',4.6539,0.0
'2014-11-19',4.5617,0.0
'2014-11-20',4.4714,0.0
'2014-11-21',4.3829,0.0
'2014-11-22',4.2961,0.0
'2014-11-23',4.211,0.0
'2014-11-24',4.1276,0.0
'2014-11-25',8.7068,0.0139
'2014-11-26',3.9919,0.0
'2014-11-27',3.9502,0.0
'2014-11-28',4.3634,0.0007
'2014-11-29',4.1221,0.0
'2014-11-30',5.213,0.0015
'2014-12-1',4.6458,0.0
'2014-12-2',4.894,0.0
'2014-12-3',5.0559,0.0
'2014-12-4',5.1197,0.0
'2014-12-5',5.1096,0.0
'2014-12-6',5.0541,0.0
'2014-12-7',4.9751,0.0
'2014-12-8',4.8857,0.0
'2014-12-9',4.7927,0.0
'2014-12-10',4.6992,0.0
'2014-12-11',4.6067,0.0
'2014-12-12',4.5157,0.0
'2014-12-13',4.4264,0.0
'2014-12-14',4.3387,0.0
'2014-12-15',4.2528,0.0
'2014-12-16',4.1686,0.0
'2014-12-17',4.0861,0.0
'2014-12-18',4.0052,0.0
'2014-12-19',3.9259,0.0
'2014-12-20',3.8481,0.0
'2014-12-21',3.7719,0.0
'2014-12-22',3.6972,0.0
'2014-12-23',3.624,0.0
'2014-12-24',3.5523,0.0
'2014-12-25',3.4819,0.0
'2014-12-26',3.413,0.0
'2014-12-27',3.3454,0.0
'2014-12-28',3.2792,0.0
'2014-12-29',3.2142,0.0
'2014-12-30',3.1506,0.0
'2014-12-31',3.0882,0.0
